[
  {
    "assets": [],
    "activities": [
      "<activity android:exported = \"true\" android:name = \"store.ezyaix.ezydeeplinks.DeeplinkHandlerActivity\"  >\n<intent-filter android:autoVerify = \"true\"  >\n<action android:name = \"android.intent.action.VIEW\" />\n<category android:name = \"android.intent.category.DEFAULT\" />\n<category android:name = \"android.intent.category.BROWSABLE\" />\n<data android:host = \"wizbit.co\" android:pathPrefix = \"PATHPREFIX\" android:scheme = \"https\" />\n<data android:host = \"wizbit.co\" android:pathPrefix = \"PATHPREFIX\" android:scheme = \"http\" />\n</intent-filter>\n</activity>\n"
    ],
    "permissions": [],
    "type": "store.ezyaix.ezydeeplinks.EzyDeeplinks",
    "androidMinSdk": [
      7
    ]
  }
]