[
  {
    "categoryString": "EXTENSION",
    "dateBuilt": "2023-05-20",
    "nonVisible": "true",
    "iconName": "aiwebres/icon.png",
    "methods": [
      {
        "deprecated": "false",
        "name": "RegisterHandlerScreen",
        "description": "Registers a screen to handle the deeplink opening.",
        "params": [
          {
            "name": "screenName",
            "type": "text"
          }
        ]
      },
      {
        "deprecated": "false",
        "name": "IsOpenedFromDeeplink",
        "description": "",
        "params": [],
        "returnType": "boolean"
      },
      {
        "deprecated": "false",
        "name": "GetLaunchUrl",
        "description": "",
        "params": [
          {
            "name": "notFound",
            "type": "text"
          }
        ],
        "returnType": "text"
      },
      {
        "deprecated": "false",
        "name": "GetDeeplinkData",
        "description": "",
        "params": []
      },
      {
        "deprecated": "false",
        "name": "GetParameter",
        "description": "",
        "params": [
          {
            "name": "url",
            "type": "text"
          },
          {
            "name": "name",
            "type": "text"
          },
          {
            "name": "notFound",
            "type": "text"
          }
        ],
        "returnType": "text"
      }
    ],
    "blockProperties": [],
    "helpUrl": "",
    "licenseName": "",
    "type": "store.ezyaix.ezydeeplinks.EzyDeeplinks",
    "androidMinSdk": 7,
    "versionName": "1",
    "version": "1",
    "external": "true",
    "showOnPalette": "true",
    "name": "EzyDeeplinks",
    "helpString": "<p>Deeplink Extension for Kodular. Made by EzyAix Store.</p>\n",
    "events": [
      {
        "deprecated": "false",
        "name": "OpenedUsingDeeplink",
        "description": "Event triggered when the app is opened using the deeplink.",
        "params": [
          {
            "name": "url",
            "type": "text"
          },
          {
            "name": "scheme",
            "type": "text"
          },
          {
            "name": "host",
            "type": "text"
          },
          {
            "name": "parameterNames",
            "type": "list"
          }
        ]
      },
      {
        "deprecated": "false",
        "name": "NotOpenedUsingDeeplink",
        "description": "",
        "params": []
      }
    ],
    "properties": []
  }
]